对冲发单时间,订单编号,合约代码,订单类型,对冲动作,对冲原因,对冲价格,对冲数量,对冲时持仓,对冲阈值,对冲价格偏移tick,买一价,卖一价,基准价,行情有效深度,市场价差
2025-03-03 09:00:02+08:00,BACKTESTING.13,fu2505.SHFE,HEDGE,BUY_CLOSE,short_position_exceed_threshold,3296.4,2,-6,6,2,3295.0,3296.0,3292.634833914855,5,1.0
2025-03-03 09:00:03.500000+08:00,BACKTESTING.20,fu2505.SHFE,HEDGE,BUY_CLOSE,short_position_exceed_threshold,3297.4,2,-6,6,2,3296.0,3297.0,3293.898849486923,5,1.0
2025-03-03 09:00:09+08:00,BACKTESTING.27,fu2505.SHFE,HEDGE,BUY_CLOSE,short_position_exceed_threshold,3298.4,2,-6,6,2,3297.0,3298.0,3295.584506947902,5,1.0
2025-03-03 09:00:17+08:00,BACKTESTING.28,fu2505.SHFE,HEDGE,BUY_CLOSE,short_position_exceed_threshold,3299.4,2,-6,6,2,3298.0,3299.0,3295.584506947902,5,1.0
2025-03-03 09:00:23+08:00,BACKTESTING.35,fu2505.SHFE,HEDGE,BUY_CLOSE,short_position_exceed_threshold,3299.4,2,-6,6,2,3298.0,3299.0,3297.6550658797937,5,1.0
2025-03-03 09:00:31.500000+08:00,BACKTESTING.42,fu2505.SHFE,HEDGE,BUY_CLOSE,short_position_exceed_threshold,3300.4,2,-6,6,2,3299.0,3300.0,3298.4278520480416,5,1.0
2025-03-03 09:00:32.500000+08:00,BACKTESTING.43,fu2505.SHFE,HEDGE,BUY_CLOSE,short_position_exceed_threshold,3301.4,2,-6,6,2,3300.0,3301.0,3298.4278520480416,5,1.0
2025-03-03 09:00:54+08:00,BACKTESTING.50,fu2505.SHFE,HEDGE,BUY_CLOSE,short_position_exceed_threshold,3301.4,2,-6,6,2,3300.0,3301.0,3299.880877977892,5,1.0
2025-03-03 09:09:18.500000+08:00,BACKTESTING.63,fu2505.SHFE,HEDGE,BUY_CLOSE,short_position_exceed_threshold,3298.4,2,-6,6,2,3297.0,3298.0,3297.268473213645,5,1.0
2025-03-03 09:10:23.500000+08:00,BACKTESTING.70,fu2505.SHFE,HEDGE,BUY_CLOSE,short_position_exceed_threshold,3299.4,2,-6,6,2,3298.0,3299.0,3298.2157194133574,5,1.0
2025-03-03 09:10:26+08:00,BACKTESTING.71,fu2505.SHFE,HEDGE,BUY_CLOSE,short_position_exceed_threshold,3300.4,2,-6,6,2,3299.0,3300.0,3298.2157194133574,5,1.0
2025-03-03 09:12:01+08:00,BACKTESTING.78,fu2505.SHFE,HEDGE,BUY_CLOSE,short_position_exceed_threshold,3300.4,2,-6,6,2,3299.0,3300.0,3299.3237273937793,5,1.0
2025-03-03 09:19:15.500000+08:00,BACKTESTING.91,fu2505.SHFE,HEDGE,BUY_CLOSE,short_position_exceed_threshold,3305.4,2,-6,6,2,3304.0,3305.0,3304.158160799793,5,1.0
2025-03-03 09:39:27+08:00,BACKTESTING.98,fu2505.SHFE,HEDGE,BUY_CLOSE,short_position_exceed_threshold,3306.4,2,-6,6,2,3305.0,3306.0,3305.705794739822,5,1.0
2025-03-03 09:39:29+08:00,BACKTESTING.99,fu2505.SHFE,HEDGE,BUY_CLOSE,short_position_exceed_threshold,3307.4,2,-6,6,2,3306.0,3307.0,3305.705794739822,5,1.0
2025-03-03 10:41:43+08:00,BACKTESTING.142,fu2505.SHFE,HEDGE,SELL_CLOSE,long_position_exceed_threshold,3287.6,2,6,6,2,3288.0,3289.0,3289.2930690818557,5,1.0
2025-03-03 10:41:43.500000+08:00,BACKTESTING.143,fu2505.SHFE,HEDGE,SELL_CLOSE,long_position_exceed_threshold,3286.6,2,6,6,2,3287.0,3288.0,3289.2930690818557,5,1.0
2025-03-03 10:43:01.500000+08:00,BACKTESTING.150,fu2505.SHFE,HEDGE,SELL_CLOSE,long_position_exceed_threshold,3286.6,2,6,6,2,3287.0,3288.0,3287.656937856486,5,1.0
2025-03-03 10:59:46+08:00,BACKTESTING.163,fu2505.SHFE,HEDGE,SELL_CLOSE,long_position_exceed_threshold,3281.6,2,6,6,2,3282.0,3283.0,3282.4876682179356,5,1.0
2025-03-03 11:00:00+08:00,BACKTESTING.170,fu2505.SHFE,HEDGE,SELL_CLOSE,long_position_exceed_threshold,3280.6,2,6,6,2,3281.0,3282.0,3281.9424888116596,5,1.0
2025-03-03 11:27:34.500000+08:00,BACKTESTING.183,fu2505.SHFE,HEDGE,SELL_CLOSE,long_position_exceed_threshold,3275.6,2,6,6,2,3276.0,3277.0,3276.6777026041905,5,1.0
2025-03-03 13:51:06.500000+08:00,BACKTESTING.202,fu2505.SHFE,HEDGE,SELL_CLOSE,long_position_exceed_threshold,3265.6,2,6,6,2,3266.0,3267.0,3267.318091120029,5,1.0
2025-03-03 13:51:07+08:00,BACKTESTING.203,fu2505.SHFE,HEDGE,SELL_CLOSE,long_position_exceed_threshold,3264.6,2,6,6,2,3265.0,3266.0,3267.318091120029,5,1.0
2025-03-03 14:42:58.500000+08:00,BACKTESTING.252,fu2505.SHFE,HEDGE,SELL_CLOSE,long_position_exceed_threshold,3259.6,2,6,6,2,3260.0,3261.0,3260.489422065728,5,1.0
2025-03-03 21:02:14+08:00,BACKTESTING.295,fu2505.SHFE,HEDGE,SELL_CLOSE,long_position_exceed_threshold,3248.6,2,6,6,2,3249.0,3250.0,3249.5348672465666,5,1.0
2025-03-03 21:02:15.500000+08:00,BACKTESTING.296,fu2505.SHFE,HEDGE,SELL_CLOSE,long_position_exceed_threshold,3247.6,2,6,6,2,3248.0,3249.0,3249.5348672465666,5,1.0
2025-03-03 21:02:31+08:00,BACKTESTING.303,fu2505.SHFE,HEDGE,SELL_CLOSE,long_position_exceed_threshold,3246.6,2,6,6,2,3247.0,3248.0,3248.1390049143874,5,1.0
2025-03-03 21:29:07.500000+08:00,BACKTESTING.340,fu2505.SHFE,HEDGE,SELL_CLOSE,long_position_exceed_threshold,3240.6,2,6,6,2,3241.0,3242.0,3242.229060803904,5,1.0
2025-03-03 22:02:53+08:00,BACKTESTING.389,fu2505.SHFE,HEDGE,SELL_CLOSE,long_position_exceed_threshold,3235.6,2,6,6,2,3236.0,3237.0,3237.1852753632975,5,1.0
2025-03-03 22:02:59+08:00,BACKTESTING.396,fu2505.SHFE,HEDGE,SELL_CLOSE,long_position_exceed_threshold,3234.6,2,6,6,2,3235.0,3236.0,3235.852300426742,5,1.0
2025-03-03 22:02:59.500000+08:00,BACKTESTING.397,fu2505.SHFE,HEDGE,SELL_CLOSE,long_position_exceed_threshold,3233.6,2,6,6,2,3234.0,3235.0,3235.852300426742,5,1.0
2025-03-03 22:37:00.500000+08:00,BACKTESTING.428,fu2505.SHFE,HEDGE,SELL_CLOSE,long_position_exceed_threshold,3233.6,2,6,6,2,3234.0,3235.0,3234.4982943422415,5,1.0
2025-03-26 10:08:00.500000+08:00,BACKTESTING.441,fu2505.SHFE,HEDGE,SELL_CLOSE,long_position_exceed_threshold,3228.6,2,6,6,2,3229.0,3230.0,3229.312191137107,5,1.0
2025-03-26 13:30:05+08:00,BACKTESTING.466,fu2505.SHFE,HEDGE,SELL_CLOSE,long_position_exceed_threshold,3222.6,2,6,6,2,3223.0,3224.0,3223.98885688685,5,1.0
2025-03-27 21:00:08.500000+08:00,BACKTESTING.665,fu2505.SHFE,HEDGE,BUY_CLOSE,short_position_exceed_threshold,3230.4,2,-6,6,2,3229.0,3230.0,3228.1312139254137,5,1.0
2025-03-27 21:19:02+08:00,BACKTESTING.696,fu2505.SHFE,HEDGE,SELL_CLOSE,long_position_exceed_threshold,3219.6,2,6,6,2,3220.0,3221.0,3220.912855560148,5,1.0
2025-03-27 21:19:12.500000+08:00,BACKTESTING.697,fu2505.SHFE,HEDGE,SELL_CLOSE,long_position_exceed_threshold,3218.6,2,6,6,2,3219.0,3220.0,3220.912855560148,5,1.0
2025-03-27 21:20:37.500000+08:00,BACKTESTING.704,fu2505.SHFE,HEDGE,SELL_CLOSE,long_position_exceed_threshold,3218.6,2,6,6,2,3219.0,3220.0,3219.762320414895,5,1.0
2025-03-27 21:20:44+08:00,BACKTESTING.711,fu2505.SHFE,HEDGE,SELL_CLOSE,long_position_exceed_threshold,3217.6,2,6,6,2,3218.0,3219.0,3218.868471550072,5,1.0
2025-03-27 21:21:19.500000+08:00,BACKTESTING.712,fu2505.SHFE,HEDGE,SELL_CLOSE,long_position_exceed_threshold,3216.6,2,6,6,2,3217.0,3218.0,3218.868471550072,5,1.0
2025-03-27 21:32:11+08:00,BACKTESTING.731,fu2505.SHFE,HEDGE,SELL_CLOSE,long_position_exceed_threshold,3216.6,2,6,6,2,3217.0,3218.0,3217.687529127582,5,1.0
2025-03-27 21:33:09.500000+08:00,BACKTESTING.738,fu2505.SHFE,HEDGE,SELL_CLOSE,long_position_exceed_threshold,3215.6,2,6,6,2,3216.0,3217.0,3216.5987325783726,5,1.0
2025-03-27 21:55:37+08:00,BACKTESTING.739,fu2505.SHFE,HEDGE,SELL_CLOSE,long_position_exceed_threshold,3214.6,2,6,6,2,3215.0,3216.0,3216.5987325783726,5,1.0
2025-03-27 22:04:00.500000+08:00,BACKTESTING.746,fu2505.SHFE,HEDGE,SELL_CLOSE,long_position_exceed_threshold,3213.6,2,6,6,2,3214.0,3215.0,3214.6335686605944,5,1.0
2025-03-27 22:07:43.500000+08:00,BACKTESTING.753,fu2505.SHFE,HEDGE,SELL_CLOSE,long_position_exceed_threshold,3211.6,2,6,6,2,3212.0,3213.0,3212.5726815546773,5,1.0
2025-03-27 22:09:29.500000+08:00,BACKTESTING.760,fu2505.SHFE,HEDGE,SELL_CLOSE,long_position_exceed_threshold,3210.6,2,6,6,2,3211.0,3212.0,3211.628768896545,5,1.0
2025-03-27 22:10:32+08:00,BACKTESTING.767,fu2505.SHFE,HEDGE,SELL_CLOSE,long_position_exceed_threshold,3208.6,2,6,6,2,3209.0,3210.0,3209.495783429443,5,1.0
2025-03-27 22:33:01+08:00,BACKTESTING.792,fu2505.SHFE,HEDGE,BUY_CLOSE,short_position_exceed_threshold,3224.4,2,-6,6,2,3223.0,3224.0,3223.271617076336,5,1.0
2025-03-27 22:33:24+08:00,BACKTESTING.793,fu2505.SHFE,HEDGE,BUY_CLOSE,short_position_exceed_threshold,3225.4,2,-6,6,2,3224.0,3225.0,3223.271617076336,5,1.0
2025-03-27 22:33:46.500000+08:00,BACKTESTING.800,fu2505.SHFE,HEDGE,BUY_CLOSE,short_position_exceed_threshold,3225.4,2,-6,6,2,3224.0,3225.0,3224.605772581395,5,1.0
2025-03-27 22:38:06+08:00,BACKTESTING.807,fu2505.SHFE,HEDGE,BUY_CLOSE,short_position_exceed_threshold,3226.4,2,-6,6,2,3225.0,3226.0,3225.5194903805173,5,1.0
2025-03-27 22:38:31.500000+08:00,BACKTESTING.814,fu2505.SHFE,HEDGE,BUY_CLOSE,short_position_exceed_threshold,3227.4,2,-6,6,2,3226.0,3227.0,3226.568710876421,5,1.0
2025-03-28 09:14:51+08:00,BACKTESTING.851,fu2505.SHFE,HEDGE,BUY_CLOSE,short_position_exceed_threshold,3233.4,2,-6,6,2,3232.0,3233.0,3232.4728709681076,5,1.0
2025-03-28 09:15:02.500000+08:00,BACKTESTING.858,fu2505.SHFE,HEDGE,BUY_CLOSE,short_position_exceed_threshold,3234.4,2,-6,6,2,3233.0,3234.0,3233.084250605284,5,1.0
2025-03-28 10:53:02.500000+08:00,BACKTESTING.913,fu2505.SHFE,HEDGE,SELL_CLOSE,long_position_exceed_threshold,3222.6,2,6,6,2,3223.0,3224.0,3223.5668555682355,5,1.0
2025-03-28 10:54:18.500000+08:00,BACKTESTING.914,fu2505.SHFE,HEDGE,SELL_CLOSE,long_position_exceed_threshold,3221.6,2,6,6,2,3222.0,3223.0,3223.5668555682355,5,1.0
2025-03-28 11:29:06.500000+08:00,BACKTESTING.927,fu2505.SHFE,HEDGE,SELL_CLOSE,long_position_exceed_threshold,3216.6,2,6,6,2,3217.0,3218.0,3218.5237928722754,5,1.0
2025-03-28 22:08:35.500000+08:00,BACKTESTING.1000,fu2505.SHFE,HEDGE,SELL_CLOSE,long_position_exceed_threshold,3208.6,2,6,6,2,3209.0,3210.0,3209.510039770282,5,1.0
2025-03-28 22:08:36+08:00,BACKTESTING.1001,fu2505.SHFE,HEDGE,SELL_CLOSE,long_position_exceed_threshold,3207.6,2,6,6,2,3208.0,3209.0,3209.510039770282,5,1.0
2025-03-28 22:17:30+08:00,BACKTESTING.1014,fu2505.SHFE,HEDGE,SELL_CLOSE,long_position_exceed_threshold,3202.6,2,6,6,2,3203.0,3204.0,3204.190277179827,5,1.0
2025-03-28 22:18:40+08:00,BACKTESTING.1021,fu2505.SHFE,HEDGE,SELL_CLOSE,long_position_exceed_threshold,3201.6,2,6,6,2,3202.0,3203.0,3202.4520977658676,5,1.0
2025-03-28 22:19:51.500000+08:00,BACKTESTING.1028,fu2505.SHFE,HEDGE,SELL_CLOSE,long_position_exceed_threshold,3200.6,2,6,6,2,3201.0,3202.0,3201.789828847453,5,1.0
2025-03-28 22:28:37.500000+08:00,BACKTESTING.1041,fu2505.SHFE,HEDGE,SELL_CLOSE,long_position_exceed_threshold,3194.6,2,6,6,2,3195.0,3196.0,3195.6382102091306,5,1.0
2025-03-28 22:30:01+08:00,BACKTESTING.1048,fu2505.SHFE,HEDGE,SELL_CLOSE,long_position_exceed_threshold,3193.6,2,6,6,2,3194.0,3195.0,3194.995980058745,5,1.0
2025-03-28 22:32:18+08:00,BACKTESTING.1061,fu2505.SHFE,HEDGE,SELL_CLOSE,long_position_exceed_threshold,3188.6,2,6,6,2,3189.0,3190.0,3189.5078720239644,5,1.0
2025-03-28 22:33:15.500000+08:00,BACKTESTING.1068,fu2505.SHFE,HEDGE,SELL_CLOSE,long_position_exceed_threshold,3187.6,2,6,6,2,3188.0,3189.0,3188.6552389870135,5,1.0
2025-03-31 09:00:08.500000+08:00,BACKTESTING.1105,fu2505.SHFE,HEDGE,SELL_CLOSE,long_position_exceed_threshold,3177.6,2,6,6,2,3178.0,3179.0,3179.493991927386,5,1.0
2025-03-31 09:00:14+08:00,BACKTESTING.1112,fu2505.SHFE,HEDGE,SELL_CLOSE,long_position_exceed_threshold,3176.6,2,6,6,2,3177.0,3178.0,3177.822465053112,5,1.0
2025-03-31 09:00:14.500000+08:00,BACKTESTING.1113,fu2505.SHFE,HEDGE,SELL_CLOSE,long_position_exceed_threshold,3175.6,2,6,6,2,3176.0,3177.0,3177.822465053112,5,1.0
2025-03-31 09:04:15.500000+08:00,BACKTESTING.1150,fu2505.SHFE,HEDGE,BUY_CLOSE,short_position_exceed_threshold,3191.4,2,-6,6,2,3190.0,3191.0,3190.66855288987,5,1.0
2025-03-31 09:05:09.500000+08:00,BACKTESTING.1151,fu2505.SHFE,HEDGE,BUY_CLOSE,short_position_exceed_threshold,3192.4,2,-6,6,2,3191.0,3192.0,3190.66855288987,5,1.0
2025-03-31 09:05:31.500000+08:00,BACKTESTING.1158,fu2505.SHFE,HEDGE,BUY_CLOSE,short_position_exceed_threshold,3192.4,2,-6,6,2,3191.0,3192.0,3191.3691372430403,5,1.0
2025-03-31 09:28:22+08:00,BACKTESTING.1189,fu2505.SHFE,HEDGE,BUY_CLOSE,short_position_exceed_threshold,3193.4,2,-6,6,2,3192.0,3193.0,3192.289717215959,5,1.0
2025-03-31 10:55:42+08:00,BACKTESTING.1220,fu2505.SHFE,HEDGE,BUY_CLOSE,short_position_exceed_threshold,3194.4,2,-6,6,2,3193.0,3194.0,3193.2311607343095,5,1.0
2025-03-31 11:06:41.500000+08:00,BACKTESTING.1227,fu2505.SHFE,HEDGE,BUY_CLOSE,short_position_exceed_threshold,3195.4,2,-6,6,2,3194.0,3195.0,3194.6671251954513,5,1.0
2025-03-31 11:07:30.500000+08:00,BACKTESTING.1228,fu2505.SHFE,HEDGE,BUY_CLOSE,short_position_exceed_threshold,3196.4,2,-6,6,2,3195.0,3196.0,3194.6671251954513,5,1.0
2025-03-31 13:51:08.500000+08:00,BACKTESTING.1253,fu2505.SHFE,HEDGE,BUY_CLOSE,short_position_exceed_threshold,3201.4,2,-6,6,2,3200.0,3201.0,3200.5732110776776,5,1.0
2025-03-31 13:53:26+08:00,BACKTESTING.1260,fu2505.SHFE,HEDGE,BUY_CLOSE,short_position_exceed_threshold,3203.4,2,-6,6,2,3202.0,3203.0,3202.6071139808273,5,1.0
